iteracion,subset,f1_score
245,"['having_Sub_Domain', 'URL_of_Anchor', 'having_At_Symbol', 'Abnormal_URL', 'SSLfinal_State']",0.9141414141414141
212,"['having_Sub_Domain', 'Shortining_Service', 'SSLfinal_State', 'age_of_domain', 'URL_of_Anchor']",0.9131313131313131
392,"['Domain_registeration_length', 'Redirect', 'SSLfinal_State', 'web_traffic', 'URL_of_Anchor']",0.9126117179741807
379,"['SSLfinal_State', 'URL_of_Anchor', 'port', 'Page_Rank', 'Links_in_tags']",0.9110212335692619
493,"['SSLfinal_State', 'URL_of_Anchor', 'RightClick', 'web_traffic', 'on_mouseover']",0.91063404892661
174,"['SSLfinal_State', 'SFH', 'Domain_registeration_length', 'URL_of_Anchor', 'having_IP_Address']",0.9089989888776542
273,"['Abnormal_URL', 'URL_of_Anchor', 'Shortining_Service', 'SSLfinal_State', 'Page_Rank']",0.9086320040383644
234,"['DNSRecord', 'URL_of_Anchor', 'on_mouseover', 'web_traffic', 'SSLfinal_State']",0.9064676616915422
301,"['SSLfinal_State', 'age_of_domain', 'Shortining_Service', 'URL_of_Anchor', 'having_At_Symbol']",0.90625
305,"['HTTPS_token', 'URL_of_Anchor', 'double_slash_redirecting', 'SSLfinal_State', 'Submitting_to_email']",0.9055276381909547
422,"['URL_of_Anchor', 'Google_Index', 'having_At_Symbol', 'SSLfinal_State', 'Redirect']",0.9040404040404041
216,"['Iframe', 'SSLfinal_State', 'Favicon', 'popUpWidnow', 'Redirect']",0.8991008991008991
496,"['Submitting_to_email', 'Redirect', 'SSLfinal_State', 'Iframe', 'double_slash_redirecting']",0.8950770760815515
5,"['SSLfinal_State', 'Submitting_to_email', 'on_mouseover', 'having_IP_Address', 'Abnormal_URL']",0.8928571428571429
86,"['having_Sub_Domain', 'popUpWidnow', 'Iframe', 'port', 'SSLfinal_State']",0.8917449332674247
24,"['SSLfinal_State', 'popUpWidnow', 'port', 'Page_Rank', 'DNSRecord']",0.8915304606240714
2,"['SSLfinal_State', 'double_slash_redirecting', 'age_of_domain', 'having_At_Symbol', 'popUpWidnow']",0.8910891089108911
55,"['SSLfinal_State', 'Shortining_Service', 'port', 'having_IP_Address', 'Redirect']",0.8910891089108911
484,"['Request_URL', 'Shortining_Service', 'HTTPS_token', 'SSLfinal_State', 'having_IP_Address']",0.8906481939633845
92,"['Links_pointing_to_page', 'Shortining_Service', 'SSLfinal_State', 'HTTPS_token', 'Favicon']",0.8902077151335311
61,"['Links_pointing_to_page', 'Redirect', 'SFH', 'SSLfinal_State', 'web_traffic']",0.889985199802664
300,"['SSLfinal_State', 'RightClick', 'popUpWidnow', 'Statistical_report', 'Favicon']",0.8895612708018155
165,"['Abnormal_URL', 'Shortining_Service', 'double_slash_redirecting', 'SSLfinal_State', 'Request_URL']",0.8893280632411067
233,"['Favicon', 'Shortining_Service', 'SSLfinal_State', 'having_At_Symbol', 'Abnormal_URL']",0.8888888888888888
56,"['Abnormal_URL', 'SSLfinal_State', 'Redirect', 'having_IP_Address', 'Shortining_Service']",0.8888888888888888
344,"['having_At_Symbol', 'SSLfinal_State', 'Links_pointing_to_page', 'Abnormal_URL', 'double_slash_redirecting']",0.8888888888888888
17,"['DNSRecord', 'Favicon', 'Shortining_Service', 'Google_Index', 'SSLfinal_State']",0.8886679920477137
184,"['HTTPS_token', 'SSLfinal_State', 'RightClick', 'Shortining_Service', 'DNSRecord']",0.8884501480750246
32,"['HTTPS_token', 'SSLfinal_State', 'double_slash_redirecting', 'Submitting_to_email', 'SFH']",0.8884501480750246
362,"['double_slash_redirecting', 'having_IP_Address', 'HTTPS_token', 'web_traffic', 'SSLfinal_State']",0.8882323978335795
147,"['double_slash_redirecting', 'having_IP_Address', 'URL_Length', 'SSLfinal_State', 'SFH']",0.8880118401578688
146,"['SSLfinal_State', 'popUpWidnow', 'Favicon', 'web_traffic', 'having_Sub_Domain']",0.8877952755905512
483,"['URL_Length', 'Request_URL', 'Submitting_to_email', 'HTTPS_token', 'SSLfinal_State']",0.8877952755905512
187,"['SSLfinal_State', 'double_slash_redirecting', 'SFH', 'popUpWidnow', 'having_At_Symbol']",0.8875739644970414
150,"['Iframe', 'Request_URL', 'SFH', 'SSLfinal_State', 'double_slash_redirecting']",0.8875739644970414
110,"['Links_pointing_to_page', 'HTTPS_token', 'having_Sub_Domain', 'popUpWidnow', 'SSLfinal_State']",0.8873585833743236
390,"['SFH', 'SSLfinal_State', 'Google_Index', 'having_At_Symbol', 'HTTPS_token']",0.8870168483647175
59,"['Submitting_to_email', 'SSLfinal_State', 'Domain_registeration_length', 'popUpWidnow', 'SFH']",0.8866995073891626
321,"['DNSRecord', 'web_traffic', 'SSLfinal_State', 'on_mouseover', 'HTTPS_token']",0.8864864864864865
492,"['having_At_Symbol', 'DNSRecord', 'Favicon', 'SSLfinal_State', 'URL_Length']",0.8863748155435317
47,"['Favicon', 'SSLfinal_State', 'URL_Length', 'Links_pointing_to_page', 'Redirect']",0.8860510805500982
471,"['Links_in_tags', 'SSLfinal_State', 'Abnormal_URL', 'Favicon', 'web_traffic']",0.8860510805500982
414,"['Abnormal_URL', 'Iframe', 'SSLfinal_State', 'Submitting_to_email', 'Page_Rank']",0.8858267716535433
213,"['SFH', 'Abnormal_URL', 'DNSRecord', 'SSLfinal_State', 'Iframe']",0.8858267716535433
205,"['Google_Index', 'SSLfinal_State', 'Page_Rank', 'Statistical_report', 'Shortining_Service']",0.8853754940711462
54,"['Links_pointing_to_page', 'Submitting_to_email', 'Links_in_tags', 'having_At_Symbol', 'SSLfinal_State']",0.8850687622789783
163,"['SSLfinal_State', 'Domain_registeration_length', 'Links_in_tags', 'Shortining_Service', 'Iframe']",0.8849557522123894
194,"['Iframe', 'Page_Rank', 'RightClick', 'SSLfinal_State', 'having_At_Symbol']",0.8845577211394303
309,"['Redirect', 'double_slash_redirecting', 'SSLfinal_State', 'Links_in_tags', 'RightClick']",0.8845208845208845
7,"['SSLfinal_State', 'Links_in_tags', 'Redirect', 'Domain_registeration_length', 'web_traffic']",0.8842523596621957
185,"['RightClick', 'URL_Length', 'DNSRecord', 'having_IP_Address', 'SSLfinal_State']",0.8838804507594317
355,"['URL_Length', 'web_traffic', 'port', 'SSLfinal_State', 'double_slash_redirecting']",0.8834476003917727
286,"['port', 'Google_Index', 'having_Sub_Domain', 'Iframe', 'SSLfinal_State']",0.8831168831168831
469,"['HTTPS_token', 'popUpWidnow', 'age_of_domain', 'SSLfinal_State', 'Links_in_tags']",0.8823529411764706
271,"['having_IP_Address', 'RightClick', 'on_mouseover', 'web_traffic', 'SSLfinal_State']",0.8818586258032625
346,"['Iframe', 'Abnormal_URL', 'URL_of_Anchor', 'Redirect', 'age_of_domain']",0.8809849521203831
315,"['Request_URL', 'Google_Index', 'SFH', 'having_At_Symbol', 'SSLfinal_State']",0.8809643395278755
25,"['DNSRecord', 'URL_Length', 'SSLfinal_State', 'Page_Rank', 'web_traffic']",0.880859375
215,"['having_IP_Address', 'Shortining_Service', 'Favicon', 'SSLfinal_State', 'Request_URL']",0.8804294777940459
83,"['having_At_Symbol', 'Links_pointing_to_page', 'Redirect', 'SSLfinal_State', 'on_mouseover']",0.8803126526624329
66,"['port', 'web_traffic', 'Google_Index', 'having_At_Symbol', 'SSLfinal_State']",0.8802816901408451
16,"['Iframe', 'Shortining_Service', 'URL_Length', 'popUpWidnow', 'SSLfinal_State']",0.8795709410043882
338,"['RightClick', 'HTTPS_token', 'having_At_Symbol', 'popUpWidnow', 'SSLfinal_State']",0.87943971985993
481,"['Shortining_Service', 'Statistical_report', 'SSLfinal_State', 'Page_Rank', 'Links_in_tags']",0.8793356130923302
206,"['Domain_registeration_length', 'Links_pointing_to_page', 'Links_in_tags', 'SSLfinal_State', 'DNSRecord']",0.8791423001949318
277,"['SFH', 'SSLfinal_State', 'Links_in_tags', 'Abnormal_URL', 'double_slash_redirecting']",0.8790243902439024
108,"['URL_of_Anchor', 'double_slash_redirecting', 'URL_Length', 'Favicon', 'HTTPS_token']",0.8788150807899462
480,"['Links_pointing_to_page', 'Submitting_to_email', 'double_slash_redirecting', 'Page_Rank', 'URL_of_Anchor']",0.8788150807899462
197,"['HTTPS_token', 'Abnormal_URL', 'URL_of_Anchor', 'popUpWidnow', 'Shortining_Service']",0.8788150807899462
135,"['Links_pointing_to_page', 'Favicon', 'Submitting_to_email', 'popUpWidnow', 'URL_of_Anchor']",0.8788150807899462
410,"['SSLfinal_State', 'Request_URL', 'on_mouseover', 'URL_Length', 'having_IP_Address']",0.878286270691334
461,"['DNSRecord', 'SFH', 'having_Sub_Domain', 'SSLfinal_State', 'double_slash_redirecting']",0.8778588807785888
57,"['Iframe', 'RightClick', 'URL_Length', 'SSLfinal_State', 'Shortining_Service']",0.8778588807785888
158,"['Page_Rank', 'age_of_domain', 'Links_pointing_to_page', 'Submitting_to_email', 'URL_of_Anchor']",0.8777173913043478
427,"['RightClick', 'Page_Rank', 'double_slash_redirecting', 'SSLfinal_State', 'having_At_Symbol']",0.8771060455896927
367,"['Links_in_tags', 'Submitting_to_email', 'SSLfinal_State', 'on_mouseover', 'URL_Length']",0.8770053475935828
293,"['Links_in_tags', 'having_IP_Address', 'age_of_domain', 'double_slash_redirecting', 'URL_of_Anchor']",0.8766859344894027
154,"['Links_in_tags', 'URL_Length', 'Abnormal_URL', 'SSLfinal_State', 'Statistical_report']",0.8764591439688716
219,"['Links_in_tags', 'Domain_registeration_length', 'Favicon', 'SSLfinal_State', 'having_At_Symbol']",0.8760330578512396
121,"['Page_Rank', 'web_traffic', 'Google_Index', 'SSLfinal_State', 'having_IP_Address']",0.8754308222550468
132,"['age_of_domain', 'popUpWidnow', 'having_Sub_Domain', 'HTTPS_token', 'URL_of_Anchor']",0.8742911153119093
253,"['on_mouseover', 'Domain_registeration_length', 'having_IP_Address', 'Shortining_Service', 'SSLfinal_State']",0.874031007751938
130,"['URL_Length', 'Iframe', 'URL_of_Anchor', 'having_IP_Address', 'Submitting_to_email']",0.8717253839205059
308,"['on_mouseover', 'popUpWidnow', 'SSLfinal_State', 'SFH', 'Statistical_report']",0.8716148445336008
140,"['having_IP_Address', 'Favicon', 'having_Sub_Domain', 'URL_of_Anchor', 'web_traffic']",0.8710575139146568
161,"['Domain_registeration_length', 'DNSRecord', 'SSLfinal_State', 'Page_Rank', 'RightClick']",0.870873786407767
35,"['URL_of_Anchor', 'on_mouseover', 'Shortining_Service', 'Request_URL', 'Links_in_tags']",0.8707021791767554
172,"['Google_Index', 'Links_pointing_to_page', 'Page_Rank', 'URL_of_Anchor', 'Abnormal_URL']",0.8699763593380615
119,"['URL_Length', 'Google_Index', 'SFH', 'SSLfinal_State', 'having_Sub_Domain']",0.8697813121272365
383,"['Shortining_Service', 'Page_Rank', 'URL_of_Anchor', 'having_At_Symbol', 'age_of_domain']",0.8684931506849315
168,"['having_Sub_Domain', 'Page_Rank', 'URL_of_Anchor', 'Request_URL', 'Links_pointing_to_page']",0.8679245283018868
236,"['Links_in_tags', 'Favicon', 'Google_Index', 'Redirect', 'URL_of_Anchor']",0.8677098150782361
459,"['popUpWidnow', 'URL_of_Anchor', 'Submitting_to_email', 'HTTPS_token', 'having_IP_Address']",0.8676337262012692
386,"['having_At_Symbol', 'URL_of_Anchor', 'HTTPS_token', 'Google_Index', 'popUpWidnow']",0.8672985781990521
416,"['Google_Index', 'age_of_domain', 'URL_Length', 'URL_of_Anchor', 'having_IP_Address']",0.8672985781990521
378,"['Google_Index', 'having_Sub_Domain', 'URL_of_Anchor', 'Links_in_tags', 'Links_pointing_to_page']",0.8672219500244978
243,"['Shortining_Service', 'popUpWidnow', 'SSLfinal_State', 'Statistical_report', 'Domain_registeration_length']",0.8667628667628667
347,"['age_of_domain', 'double_slash_redirecting', 'Links_pointing_to_page', 'URL_of_Anchor', 'RightClick']",0.8658481127785357
313,"['Redirect', 'Favicon', 'RightClick', 'URL_of_Anchor', 'Iframe']",0.8658481127785357
364,"['URL_Length', 'double_slash_redirecting', 'age_of_domain', 'URL_of_Anchor', 'Submitting_to_email']",0.8658088235294118
252,"['URL_Length', 'Links_pointing_to_page', 'URL_of_Anchor', 'age_of_domain', 'port']",0.8657810352725607
105,"['URL_of_Anchor', 'Abnormal_URL', 'having_IP_Address', 'having_At_Symbol', 'Shortining_Service']",0.8656579550664832
199,"['URL_of_Anchor', 'Page_Rank', 'SFH', 'having_At_Symbol', 'HTTPS_token']",0.8655767484105359
266,"['Abnormal_URL', 'Links_in_tags', 'URL_of_Anchor', 'URL_Length', 'having_Sub_Domain']",0.865520728008089
137,"['double_slash_redirecting', 'having_Sub_Domain', 'URL_of_Anchor', 'popUpWidnow', 'Request_URL']",0.8653940283896231
348,"['having_At_Symbol', 'Page_Rank', 'SFH', 'on_mouseover', 'URL_of_Anchor']",0.8652612282309807
164,"['Favicon', 'SSLfinal_State', 'Domain_registeration_length', 'port', 'Links_pointing_to_page']",0.8652278177458034
287,"['Redirect', 'Request_URL', 'SSLfinal_State', 'Google_Index', 'DNSRecord']",0.8650754992693619
350,"['Links_in_tags', 'SSLfinal_State', 'Google_Index', 'HTTPS_token', 'having_At_Symbol']",0.865021770682148
333,"['SSLfinal_State', 'Google_Index', 'popUpWidnow', 'age_of_domain', 'Request_URL']",0.8646800195407914
63,"['having_At_Symbol', 'popUpWidnow', 'URL_of_Anchor', 'HTTPS_token', 'Links_in_tags']",0.8635737253100597
30,"['double_slash_redirecting', 'SSLfinal_State', 'age_of_domain', 'Abnormal_URL', 'Domain_registeration_length']",0.8635710866443275
261,"['port', 'URL_of_Anchor', 'Iframe', 'SFH', 'Favicon']",0.863302752293578
242,"['SSLfinal_State', 'Favicon', 'Iframe', 'Google_Index', 'Links_in_tags']",0.8631781084973595
84,"['URL_Length', 'on_mouseover', 'Shortining_Service', 'URL_of_Anchor', 'popUpWidnow']",0.862368541380887
418,"['Redirect', 'URL_of_Anchor', 'Request_URL', 'Iframe', 'RightClick']",0.8621484555094514
167,"['URL_of_Anchor', 'port', 'Abnormal_URL', 'Links_in_tags', 'URL_Length']",0.8621323529411765
152,"['Google_Index', 'DNSRecord', 'Links_pointing_to_page', 'having_At_Symbol', 'URL_of_Anchor']",0.8620525059665871
474,"['Favicon', 'DNSRecord', 'Request_URL', 'Submitting_to_email', 'URL_of_Anchor']",0.8614657210401891
408,"['URL_of_Anchor', 'having_At_Symbol', 'Favicon', 'popUpWidnow', 'Redirect']",0.8613272311212815
380,"['Request_URL', 'URL_of_Anchor', 'age_of_domain', 'having_At_Symbol', 'port']",0.8609699769053117
322,"['SSLfinal_State', 'RightClick', 'having_Sub_Domain', 'on_mouseover', 'Domain_registeration_length']",0.8607594936708861
82,"['Shortining_Service', 'popUpWidnow', 'Google_Index', 'SSLfinal_State', 'Request_URL']",0.8602045786653677
342,"['Iframe', 'Favicon', 'RightClick', 'URL_of_Anchor', 'having_At_Symbol']",0.8601558917927556
149,"['URL_of_Anchor', 'Links_pointing_to_page', 'RightClick', 'Redirect', 'having_Sub_Domain']",0.8597701149425288
405,"['popUpWidnow', 'Shortining_Service', 'Domain_registeration_length', 'Links_in_tags', 'URL_of_Anchor']",0.8595450049455984
182,"['Domain_registeration_length', 'DNSRecord', 'Page_Rank', 'URL_of_Anchor', 'Shortining_Service']",0.8589743589743589
258,"['Redirect', 'URL_of_Anchor', 'RightClick', 'Page_Rank', 'SFH']",0.8588560885608856
259,"['Shortining_Service', 'SFH', 'HTTPS_token', 'URL_of_Anchor', 'port']",0.8581851345189239
31,"['age_of_domain', 'Redirect', 'URL_of_Anchor', 'Links_pointing_to_page', 'Request_URL']",0.8581113801452784
358,"['Google_Index', 'SSLfinal_State', 'port', 'DNSRecord', 'double_slash_redirecting']",0.8575539568345324
4,"['URL_of_Anchor', 'URL_Length', 'having_IP_Address', 'Shortining_Service', 'having_Sub_Domain']",0.8565656565656565
51,"['on_mouseover', 'URL_of_Anchor', 'having_Sub_Domain', 'Statistical_report', 'Abnormal_URL']",0.8558139534883721
217,"['HTTPS_token', 'SFH', 'Abnormal_URL', 'Submitting_to_email', 'URL_of_Anchor']",0.8549199084668192
67,"['having_Sub_Domain', 'Abnormal_URL', 'Links_in_tags', 'double_slash_redirecting', 'URL_of_Anchor']",0.8546571136131014
203,"['Abnormal_URL', 'DNSRecord', 'SFH', 'Links_in_tags', 'URL_of_Anchor']",0.8544891640866873
447,"['HTTPS_token', 'Statistical_report', 'Favicon', 'Request_URL', 'URL_of_Anchor']",0.8542151839776432
62,"['SFH', 'web_traffic', 'URL_of_Anchor', 'having_Sub_Domain', 'having_At_Symbol']",0.854075158613958
102,"['URL_of_Anchor', 'Page_Rank', 'Domain_registeration_length', 'URL_Length', 'having_IP_Address']",0.8538880633977216
419,"['URL_of_Anchor', 'Favicon', 'having_At_Symbol', 'Request_URL', 'having_IP_Address']",0.8537624230951254
112,"['Links_pointing_to_page', 'Google_Index', 'URL_of_Anchor', 'on_mouseover', 'age_of_domain']",0.8532948532948533
276,"['Submitting_to_email', 'Iframe', 'Domain_registeration_length', 'URL_of_Anchor', 'Page_Rank']",0.8516129032258064
491,"['Abnormal_URL', 'age_of_domain', 'on_mouseover', 'Submitting_to_email', 'URL_of_Anchor']",0.8513388734995383
381,"['URL_of_Anchor', 'port', 'popUpWidnow', 'Domain_registeration_length', 'HTTPS_token']",0.8512562814070351
497,"['Favicon', 'URL_of_Anchor', 'having_IP_Address', 'on_mouseover', 'HTTPS_token']",0.851063829787234
482,"['Links_pointing_to_page', 'HTTPS_token', 'Statistical_report', 'having_IP_Address', 'URL_of_Anchor']",0.8508648901355774
280,"['Domain_registeration_length', 'DNSRecord', 'web_traffic', 'Google_Index', 'URL_of_Anchor']",0.8506082725060827
375,"['on_mouseover', 'Submitting_to_email', 'Favicon', 'Links_in_tags', 'URL_of_Anchor']",0.85
387,"['DNSRecord', 'URL_of_Anchor', 'Google_Index', 'Statistical_report', 'age_of_domain']",0.8493417844953681
75,"['Statistical_report', 'web_traffic', 'Links_in_tags', 'Favicon', 'URL_of_Anchor']",0.8470700333492139
9,"['Iframe', 'URL_of_Anchor', 'port', 'Domain_registeration_length', 'double_slash_redirecting']",0.8456104944500504
406,"['SFH', 'on_mouseover', 'Links_in_tags', 'URL_of_Anchor', 'Domain_registeration_length']",0.8426692644909888
127,"['on_mouseover', 'URL_of_Anchor', 'HTTPS_token', 'age_of_domain', 'web_traffic']",0.8414055080721747
128,"['port', 'URL_of_Anchor', 'on_mouseover', 'Submitting_to_email', 'having_At_Symbol']",0.8405253283302064
166,"['Iframe', 'double_slash_redirecting', 'having_Sub_Domain', 'Shortining_Service', 'URL_of_Anchor']",0.8329177057356608
370,"['URL_Length', 'SFH', 'Google_Index', 'Request_URL', 'URL_of_Anchor']",0.8318227593152064
116,"['Statistical_report', 'URL_of_Anchor', 'web_traffic', 'popUpWidnow', 'Google_Index']",0.8251889168765743
6,"['having_Sub_Domain', 'Iframe', 'RightClick', 'Abnormal_URL', 'URL_of_Anchor']",0.8227593152064451
340,"['port', 'Statistical_report', 'on_mouseover', 'SSLfinal_State', 'RightClick']",0.8222222222222222
288,"['URL_of_Anchor', 'URL_Length', 'port', 'age_of_domain', 'SFH']",0.8060913705583757
439,"['Request_URL', 'Links_in_tags', 'Redirect', 'Abnormal_URL', 'web_traffic']",0.7504970178926441
441,"['web_traffic', 'Redirect', 'RightClick', 'having_Sub_Domain', 'port']",0.7436254056560037
12,"['Domain_registeration_length', 'web_traffic', 'URL_Length', 'age_of_domain', 'Links_in_tags']",0.7366878358573522
356,"['web_traffic', 'Redirect', 'having_Sub_Domain', 'Shortining_Service', 'Page_Rank']",0.7351738241308794
188,"['Redirect', 'having_Sub_Domain', 'Links_in_tags', 'Iframe', 'Domain_registeration_length']",0.7348148148148148
360,"['Google_Index', 'double_slash_redirecting', 'Abnormal_URL', 'Domain_registeration_length', 'web_traffic']",0.73310972688069
500,"['Submitting_to_email', 'web_traffic', 'Abnormal_URL', 'having_IP_Address', 'Request_URL']",0.730174081237911
359,"['web_traffic', 'Links_pointing_to_page', 'on_mouseover', 'having_IP_Address', 'Domain_registeration_length']",0.7293447293447294
325,"['web_traffic', 'Links_in_tags', 'URL_Length', 'Redirect', 'HTTPS_token']",0.7277131782945736
69,"['Statistical_report', 'Shortining_Service', 'Links_in_tags', 'web_traffic', 'Google_Index']",0.7271830291070548
314,"['Domain_registeration_length', 'Links_in_tags', 'Google_Index', 'Favicon', 'having_Sub_Domain']",0.7270992366412213
415,"['popUpWidnow', 'web_traffic', 'HTTPS_token', 'Shortining_Service', 'Request_URL']",0.7270181987867476
175,"['Request_URL', 'port', 'popUpWidnow', 'web_traffic', 'age_of_domain']",0.725095785440613
456,"['Request_URL', 'RightClick', 'web_traffic', 'port', 'Page_Rank']",0.7241217798594848
462,"['double_slash_redirecting', 'Shortining_Service', 'Favicon', 'Google_Index', 'web_traffic']",0.723463687150838
384,"['age_of_domain', 'HTTPS_token', 'web_traffic', 'double_slash_redirecting', 'Abnormal_URL']",0.7220417633410673
443,"['Links_in_tags', 'having_At_Symbol', 'web_traffic', 'Links_pointing_to_page', 'Page_Rank']",0.7216294859359845
334,"['Google_Index', 'web_traffic', 'Abnormal_URL', 'HTTPS_token', 'Shortining_Service']",0.7215320910973085
278,"['Request_URL', 'having_Sub_Domain', 'Statistical_report', 'on_mouseover', 'Submitting_to_email']",0.7198067632850241
328,"['double_slash_redirecting', 'web_traffic', 'Abnormal_URL', 'Links_pointing_to_page', 'HTTPS_token']",0.7197640117994101
235,"['DNSRecord', 'Submitting_to_email', 'Request_URL', 'Links_in_tags', 'Statistical_report']",0.7191528545119705
349,"['Domain_registeration_length', 'URL_Length', 'Iframe', 'HTTPS_token', 'having_Sub_Domain']",0.7191328934967012
411,"['having_Sub_Domain', 'Favicon', 'DNSRecord', 'double_slash_redirecting', 'Domain_registeration_length']",0.7185461323392358
290,"['web_traffic', 'Page_Rank', 'RightClick', 'double_slash_redirecting', 'SFH']",0.718336483931947
76,"['Iframe', 'age_of_domain', 'web_traffic', 'Abnormal_URL', 'popUpWidnow']",0.7180952380952381
232,"['popUpWidnow', 'URL_Length', 'double_slash_redirecting', 'web_traffic', 'Redirect']",0.7174129353233831
311,"['web_traffic', 'Links_in_tags', 'Links_pointing_to_page', 'Favicon', 'popUpWidnow']",0.7165467625899281
352,"['HTTPS_token', 'URL_Length', 'Request_URL', 'Domain_registeration_length', 'having_Sub_Domain']",0.7159647404505387
304,"['having_IP_Address', 'URL_Length', 'port', 'web_traffic', 'Favicon']",0.7156817124243834
345,"['Request_URL', 'Links_in_tags', 'HTTPS_token', 'popUpWidnow', 'age_of_domain']",0.7156052503646086
155,"['Google_Index', 'having_At_Symbol', 'Links_in_tags', 'double_slash_redirecting', 'web_traffic']",0.71280276816609
209,"['SFH', 'having_Sub_Domain', 'HTTPS_token', 'web_traffic', 'Domain_registeration_length']",0.7127771911298838
289,"['Iframe', 'Statistical_report', 'web_traffic', 'Request_URL', 'popUpWidnow']",0.7127555988315482
467,"['Iframe', 'DNSRecord', 'on_mouseover', 'web_traffic', 'Links_pointing_to_page']",0.7114474929044465
490,"['having_IP_Address', 'Domain_registeration_length', 'having_Sub_Domain', 'Page_Rank', 'double_slash_redirecting']",0.711
173,"['age_of_domain', 'Abnormal_URL', 'web_traffic', 'on_mouseover', 'Links_pointing_to_page']",0.7108958837772397
139,"['Redirect', 'Favicon', 'Request_URL', 'Abnormal_URL', 'Page_Rank']",0.7099486221391873
377,"['RightClick', 'Links_pointing_to_page', 'DNSRecord', 'Abnormal_URL', 'age_of_domain']",0.7092547092547092
295,"['web_traffic', 'Domain_registeration_length', 'port', 'on_mouseover', 'Iframe']",0.7083536883243772
281,"['port', 'Statistical_report', 'web_traffic', 'Submitting_to_email', 'Domain_registeration_length']",0.7083128381701919
202,"['RightClick', 'Domain_registeration_length', 'on_mouseover', 'web_traffic', 'Statistical_report']",0.7078596144340089
472,"['web_traffic', 'SFH', 'Links_pointing_to_page', 'Page_Rank', 'having_Sub_Domain']",0.7073552425665102
486,"['RightClick', 'port', 'web_traffic', 'double_slash_redirecting', 'URL_Length']",0.7070435172723194
477,"['SFH', 'Google_Index', 'HTTPS_token', 'Abnormal_URL', 'Statistical_report']",0.7063259321323837
100,"['Google_Index', 'Domain_registeration_length', 'Submitting_to_email', 'SFH', 'Links_pointing_to_page']",0.7057710501419111
238,"['having_At_Symbol', 'DNSRecord', 'having_Sub_Domain', 'RightClick', 'Domain_registeration_length']",0.7054263565891473
120,"['Page_Rank', 'Statistical_report', 'Links_in_tags', 'HTTPS_token', 'Favicon']",0.7050161067648413
317,"['Favicon', 'having_IP_Address', 'Page_Rank', 'popUpWidnow', 'Request_URL']",0.7044573643410853
335,"['web_traffic', 'Request_URL', 'having_IP_Address', 'Domain_registeration_length', 'Abnormal_URL']",0.7035897435897436
226,"['Domain_registeration_length', 'URL_Length', 'Abnormal_URL', 'Favicon', 'Iframe']",0.7034358047016275
440,"['age_of_domain', 'Links_pointing_to_page', 'URL_Length', 'Links_in_tags', 'Statistical_report']",0.7033470884915176
285,"['Abnormal_URL', 'DNSRecord', 'Request_URL', 'Links_in_tags', 'Statistical_report']",0.7028879099363681
118,"['web_traffic', 'Iframe', 'having_At_Symbol', 'Request_URL', 'Google_Index']",0.7023136246786632
196,"['on_mouseover', 'web_traffic', 'having_At_Symbol', 'Redirect', 'URL_Length']",0.7023041474654378
180,"['URL_Length', 'Domain_registeration_length', 'Request_URL', 'port', 'having_Sub_Domain']",0.7022670025188917
129,"['Request_URL', 'Links_pointing_to_page', 'Redirect', 'having_Sub_Domain', 'Domain_registeration_length']",0.7020530796194292
331,"['Favicon', 'age_of_domain', 'Google_Index', 'port', 'web_traffic']",0.7018722995679308
159,"['Page_Rank', 'Statistical_report', 'Abnormal_URL', 'Links_in_tags', 'Links_pointing_to_page']",0.7018181818181818
29,"['Statistical_report', 'RightClick', 'Links_in_tags', 'double_slash_redirecting', 'Domain_registeration_length']",0.7017707362534948
200,"['RightClick', 'Links_pointing_to_page', 'Page_Rank', 'Links_in_tags', 'Iframe']",0.7016129032258065
26,"['port', 'Request_URL', 'Domain_registeration_length', 'Shortining_Service', 'having_Sub_Domain']",0.7006048387096774
310,"['Domain_registeration_length', 'Links_in_tags', 'popUpWidnow', 'having_IP_Address', 'Links_pointing_to_page']",0.7005220692928334
193,"['Request_URL', 'Iframe', 'having_Sub_Domain', 'Shortining_Service', 'Redirect']",0.700502512562814
46,"['Statistical_report', 'HTTPS_token', 'Links_pointing_to_page', 'Page_Rank', 'web_traffic']",0.7002938295788442
131,"['Statistical_report', 'web_traffic', 'Abnormal_URL', 'popUpWidnow', 'age_of_domain']",0.7
231,"['Shortining_Service', 'Request_URL', 'SFH', 'Redirect', 'RightClick']",0.6996603590490054
449,"['web_traffic', 'RightClick', 'port', 'Shortining_Service', 'having_At_Symbol']",0.6992311171415649
470,"['on_mouseover', 'Favicon', 'DNSRecord', 'age_of_domain', 'web_traffic']",0.6989553656220323
33,"['Shortining_Service', 'DNSRecord', 'URL_Length', 'Google_Index', 'having_At_Symbol']",0.698009318085557
214,"['SFH', 'RightClick', 'Iframe', 'Links_in_tags', 'web_traffic']",0.697928026172301
299,"['Google_Index', 'Abnormal_URL', 'URL_Length', 'on_mouseover', 'Shortining_Service']",0.6977319587628866
353,"['having_At_Symbol', 'Google_Index', 'Page_Rank', 'Links_in_tags', 'Shortining_Service']",0.6975633062589585
341,"['Shortining_Service', 'RightClick', 'Page_Rank', 'Links_in_tags', 'Statistical_report']",0.6975023126734505
11,"['Request_URL', 'having_At_Symbol', 'HTTPS_token', 'Google_Index', 'on_mouseover']",0.6974358974358974
265,"['Submitting_to_email', 'Page_Rank', 'having_IP_Address', 'popUpWidnow', 'Google_Index']",0.697171381031614
262,"['popUpWidnow', 'Request_URL', 'Page_Rank', 'DNSRecord', 'Abnormal_URL']",0.6964618249534451
211,"['Links_pointing_to_page', 'Domain_registeration_length', 'Abnormal_URL', 'having_IP_Address', 'Submitting_to_email']",0.696453247351451
453,"['popUpWidnow', 'double_slash_redirecting', 'Statistical_report', 'HTTPS_token', 'Favicon']",0.6962376237623762
122,"['popUpWidnow', 'having_Sub_Domain', 'Request_URL', 'port', 'Domain_registeration_length']",0.6951156812339332
64,"['Google_Index', 'age_of_domain', 'URL_Length', 'popUpWidnow', 'RightClick']",0.6949013157894737
148,"['on_mouseover', 'Google_Index', 'DNSRecord', 'Shortining_Service', 'Links_in_tags']",0.6934497816593886
73,"['SFH', 'having_Sub_Domain', 'Google_Index', 'Request_URL', 'Links_pointing_to_page']",0.693198992443325
124,"['RightClick', 'Submitting_to_email', 'Request_URL', 'popUpWidnow', 'Page_Rank']",0.6931442080378251
230,"['Domain_registeration_length', 'Google_Index', 'SFH', 'having_At_Symbol', 'Page_Rank']",0.6928675400291121
53,"['Request_URL', 'popUpWidnow', 'RightClick', 'HTTPS_token', 'Links_in_tags']",0.6925627664613927
268,"['RightClick', 'Links_in_tags', 'DNSRecord', 'URL_Length', 'having_Sub_Domain']",0.6924987580725286
332,"['having_At_Symbol', 'Links_in_tags', 'Shortining_Service', 'double_slash_redirecting', 'DNSRecord']",0.6923857868020304
195,"['Iframe', 'DNSRecord', 'Favicon', 'Google_Index', 'popUpWidnow']",0.6920183869619724
436,"['Submitting_to_email', 'Shortining_Service', 'Favicon', 'Links_in_tags', 'URL_Length']",0.6915094339622642
391,"['Google_Index', 'Abnormal_URL', 'HTTPS_token', 'having_At_Symbol', 'DNSRecord']",0.691358024691358
186,"['having_Sub_Domain', 'Page_Rank', 'having_IP_Address', 'on_mouseover', 'double_slash_redirecting']",0.69106463878327
489,"['Links_in_tags', 'on_mouseover', 'having_IP_Address', 'Links_pointing_to_page', 'Shortining_Service']",0.6905916585838991
324,"['RightClick', 'having_At_Symbol', 'Links_pointing_to_page', 'URL_Length', 'Favicon']",0.6902584493041749
171,"['having_IP_Address', 'HTTPS_token', 'Favicon', 'DNSRecord', 'Request_URL']",0.689892051030422
237,"['Favicon', 'Redirect', 'on_mouseover', 'URL_Length', 'age_of_domain']",0.6896831844029244
246,"['RightClick', 'double_slash_redirecting', 'Statistical_report', 'Domain_registeration_length', 'Page_Rank']",0.6896230805025594
330,"['Domain_registeration_length', 'Statistical_report', 'Page_Rank', 'SFH', 'web_traffic']",0.6896186440677966
402,"['HTTPS_token', 'Favicon', 'age_of_domain', 'port', 'DNSRecord']",0.6892464013547841
435,"['web_traffic', 'Domain_registeration_length', 'Redirect', 'URL_Length', 'HTTPS_token']",0.6890843248836006
181,"['Links_in_tags', 'port', 'DNSRecord', 'Links_pointing_to_page', 'Request_URL']",0.688655672163918
18,"['Google_Index', 'having_At_Symbol', 'Request_URL', 'Domain_registeration_length', 'Links_in_tags']",0.6881937436932392
40,"['age_of_domain', 'Links_pointing_to_page', 'Domain_registeration_length', 'Submitting_to_email', 'DNSRecord']",0.6881307063911581
225,"['Favicon', 'having_IP_Address', 'Iframe', 'Abnormal_URL', 'double_slash_redirecting']",0.687973086627418
263,"['URL_Length', 'Links_in_tags', 'Shortining_Service', 'port', 'Domain_registeration_length']",0.6877510040160643
393,"['Google_Index', 'Abnormal_URL', 'DNSRecord', 'Page_Rank', 'on_mouseover']",0.6876172607879925
351,"['popUpWidnow', 'HTTPS_token', 'Abnormal_URL', 'Links_pointing_to_page', 'RightClick']",0.6873304920573421
403,"['Redirect', 'on_mouseover', 'Shortining_Service', 'Links_pointing_to_page', 'URL_Length']",0.6871552403467297
98,"['double_slash_redirecting', 'Domain_registeration_length', 'Favicon', 'on_mouseover', 'having_Sub_Domain']",0.6870229007633588
302,"['DNSRecord', 'RightClick', 'Iframe', 'Google_Index', 'having_At_Symbol']",0.6870229007633588
250,"['Favicon', 'Iframe', 'Request_URL', 'Domain_registeration_length', 'Submitting_to_email']",0.6866381359961959
368,"['age_of_domain', 'web_traffic', 'Statistical_report', 'Google_Index', 'popUpWidnow']",0.6863613983259478
465,"['port', 'Links_pointing_to_page', 'DNSRecord', 'on_mouseover', 'double_slash_redirecting']",0.6858350951374207
70,"['Google_Index', 'Abnormal_URL', 'having_At_Symbol', 'URL_Length', 'RightClick']",0.6854700854700855
337,"['popUpWidnow', 'Domain_registeration_length', 'Redirect', 'Request_URL', 'Page_Rank']",0.685370741482966
227,"['double_slash_redirecting', 'RightClick', 'Google_Index', 'DNSRecord', 'SFH']",0.6851272889682894
452,"['Google_Index', 'double_slash_redirecting', 'port', 'Shortining_Service', 'Redirect']",0.6845753899480069
125,"['Abnormal_URL', 'port', 'having_IP_Address', 'having_At_Symbol', 'Links_pointing_to_page']",0.6843683083511777
448,"['DNSRecord', 'port', 'popUpWidnow', 'on_mouseover', 'URL_Length']",0.6838918046023416
157,"['port', 'DNSRecord', 'Links_pointing_to_page', 'Links_in_tags', 'on_mouseover']",0.683752417794971
1,"['RightClick', 'having_At_Symbol', 'having_IP_Address', 'age_of_domain', 'Domain_registeration_length']",0.6831955922865014
316,"['Request_URL', 'Redirect', 'HTTPS_token', 'Favicon', 'Iframe']",0.6828543111992071
207,"['Links_in_tags', 'Redirect', 'on_mouseover', 'popUpWidnow', 'Request_URL']",0.6824691358024692
385,"['URL_Length', 'Redirect', 'Abnormal_URL', 'port', 'popUpWidnow']",0.682020202020202
88,"['Favicon', 'Links_in_tags', 'port', 'Statistical_report', 'DNSRecord']",0.6818980667838312
77,"['Iframe', 'SFH', 'double_slash_redirecting', 'having_Sub_Domain', 'Favicon']",0.6818181818181818
97,"['Domain_registeration_length', 'having_At_Symbol', 'Links_pointing_to_page', 'age_of_domain', 'Abnormal_URL']",0.6817966903073286
417,"['Links_in_tags', 'Statistical_report', 'Shortining_Service', 'Google_Index', 'port']",0.6817391304347826
264,"['port', 'having_At_Symbol', 'DNSRecord', 'Request_URL', 'Google_Index']",0.6812267657992565
178,"['Redirect', 'popUpWidnow', 'having_IP_Address', 'Shortining_Service', 'RightClick']",0.681057268722467
388,"['URL_Length', 'Favicon', 'on_mouseover', 'HTTPS_token', 'having_At_Symbol']",0.6808163265306122
123,"['Google_Index', 'Shortining_Service', 'DNSRecord', 'Domain_registeration_length', 'HTTPS_token']",0.68054211035818
101,"['Statistical_report', 'Google_Index', 'URL_Length', 'Shortining_Service', 'RightClick']",0.6805015131863381
58,"['Links_pointing_to_page', 'URL_Length', 'Google_Index', 'port', 'Shortining_Service']",0.6799154334038054
423,"['Request_URL', 'Submitting_to_email', 'Shortining_Service', 'Google_Index', 'Favicon']",0.6798179059180577
376,"['having_At_Symbol', 'web_traffic', 'Iframe', 'Google_Index', 'RightClick']",0.6797835710772258
156,"['Links_in_tags', 'popUpWidnow', 'Submitting_to_email', 'Abnormal_URL', 'on_mouseover']",0.6796305298979096
222,"['SFH', 'Domain_registeration_length', 'age_of_domain', 'Redirect', 'DNSRecord']",0.6794117647058824
169,"['DNSRecord', 'Redirect', 'Iframe', 'having_IP_Address', 'Google_Index']",0.6793103448275862
336,"['having_At_Symbol', 'Links_in_tags', 'HTTPS_token', 'popUpWidnow', 'age_of_domain']",0.6792640477374441
109,"['Links_pointing_to_page', 'Statistical_report', 'web_traffic', 'Google_Index', 'URL_Length']",0.6792270531400966
36,"['Submitting_to_email', 'Domain_registeration_length', 'Abnormal_URL', 'Google_Index', 'having_IP_Address']",0.679078882900539
369,"['Submitting_to_email', 'Favicon', 'Links_in_tags', 'RightClick', 'having_IP_Address']",0.6786933203315456
274,"['Statistical_report', 'having_At_Symbol', 'Links_in_tags', 'RightClick', 'Page_Rank']",0.6786606696651675
319,"['DNSRecord', 'age_of_domain', 'URL_Length', 'Statistical_report', 'on_mouseover']",0.6783064164120471
394,"['on_mouseover', 'popUpWidnow', 'RightClick', 'Abnormal_URL', 'having_IP_Address']",0.6782884310618067
430,"['DNSRecord', 'RightClick', 'SFH', 'Links_in_tags', 'Redirect']",0.6781376518218624
142,"['Links_in_tags', 'popUpWidnow', 'having_Sub_Domain', 'Submitting_to_email', 'SFH']",0.6781300376141859
357,"['DNSRecord', 'Abnormal_URL', 'having_Sub_Domain', 'Redirect', 'Page_Rank']",0.6779124934106484
134,"['port', 'popUpWidnow', 'Google_Index', 'having_At_Symbol', 'age_of_domain']",0.6777147841255996
255,"['DNSRecord', 'popUpWidnow', 'Page_Rank', 'Domain_registeration_length', 'Redirect']",0.6773888363292336
87,"['Domain_registeration_length', 'Request_URL', 'double_slash_redirecting', 'popUpWidnow', 'RightClick']",0.6769083053288526
478,"['having_At_Symbol', 'Iframe', 'Google_Index', 'Submitting_to_email', 'Favicon']",0.6768558951965066
372,"['Links_in_tags', 'Shortining_Service', 'Links_pointing_to_page', 'port', 'on_mouseover']",0.6763848396501457
78,"['having_Sub_Domain', 'URL_Length', 'Redirect', 'age_of_domain', 'Abnormal_URL']",0.6760140210315473
44,"['Abnormal_URL', 'DNSRecord', 'Statistical_report', 'Submitting_to_email', 'having_IP_Address']",0.6757425742574258
71,"['Abnormal_URL', 'Page_Rank', 'having_IP_Address', 'Shortining_Service', 'Statistical_report']",0.6751918158567775
145,"['on_mouseover', 'port', 'Shortining_Service', 'Page_Rank', 'DNSRecord']",0.675022381378693
269,"['Domain_registeration_length', 'Abnormal_URL', 'double_slash_redirecting', 'Statistical_report', 'Favicon']",0.6748932130991931
450,"['Abnormal_URL', 'popUpWidnow', 'Request_URL', 'Favicon', 'Domain_registeration_length']",0.6748466257668712
94,"['Favicon', 'on_mouseover', 'web_traffic', 'RightClick', 'Submitting_to_email']",0.674800563115908
244,"['web_traffic', 'RightClick', 'Redirect', 'popUpWidnow', 'Statistical_report']",0.6747104247104247
395,"['on_mouseover', 'Statistical_report', 'popUpWidnow', 'Page_Rank', 'Iframe']",0.674688796680498
433,"['Google_Index', 'RightClick', 'port', 'double_slash_redirecting', 'Links_in_tags']",0.6746781115879829
431,"['DNSRecord', 'Redirect', 'Links_in_tags', 'popUpWidnow', 'Statistical_report']",0.6745718050065876
407,"['having_Sub_Domain', 'DNSRecord', 'Submitting_to_email', 'having_At_Symbol', 'HTTPS_token']",0.674
432,"['Links_pointing_to_page', 'Redirect', 'RightClick', 'on_mouseover', 'port']",0.6739837398373983
291,"['URL_Length', 'double_slash_redirecting', 'Submitting_to_email', 'Redirect', 'port']",0.6737792367665162
425,"['Shortining_Service', 'Submitting_to_email', 'RightClick', 'having_At_Symbol', 'having_Sub_Domain']",0.6736342042755344
254,"['popUpWidnow', 'Page_Rank', 'Google_Index', 'Redirect', 'having_IP_Address']",0.6726649528706083
89,"['Statistical_report', 'Shortining_Service', 'having_IP_Address', 'Links_in_tags', 'on_mouseover']",0.6723704076497232
438,"['RightClick', 'Google_Index', 'Shortining_Service', 'on_mouseover', 'Submitting_to_email']",0.672082086361693
91,"['Submitting_to_email', 'Domain_registeration_length', 'double_slash_redirecting', 'Statistical_report', 'HTTPS_token']",0.6715116279069767
204,"['Page_Rank', 'age_of_domain', 'Redirect', 'Domain_registeration_length', 'port']",0.6712328767123288
141,"['Redirect', 'on_mouseover', 'RightClick', 'port', 'Links_in_tags']",0.6710418375717802
454,"['RightClick', 'Iframe', 'popUpWidnow', 'Request_URL', 'double_slash_redirecting']",0.6709108716944172
399,"['Request_URL', 'Shortining_Service', 'double_slash_redirecting', 'age_of_domain', 'RightClick']",0.670873786407767
463,"['having_At_Symbol', 'Submitting_to_email', 'DNSRecord', 'Abnormal_URL', 'Page_Rank']",0.6706476802939826
27,"['Statistical_report', 'Redirect', 'Links_pointing_to_page', 'Iframe', 'port']",0.6702838063439065
397,"['Favicon', 'Statistical_report', 'port', 'HTTPS_token', 'having_IP_Address']",0.6702838063439065
318,"['Domain_registeration_length', 'having_IP_Address', 'Redirect', 'Google_Index', 'popUpWidnow']",0.6699850671976108
223,"['Submitting_to_email', 'on_mouseover', 'Favicon', 'having_At_Symbol', 'Page_Rank']",0.6694701429772918
96,"['Statistical_report', 'popUpWidnow', 'having_At_Symbol', 'Links_pointing_to_page', 'double_slash_redirecting']",0.6692307692307692
292,"['Google_Index', 'having_At_Symbol', 'Links_in_tags', 'Submitting_to_email', 'Statistical_report']",0.6690615177368657
198,"['Submitting_to_email', 'RightClick', 'port', 'having_IP_Address', 'Google_Index']",0.6689865158764681
23,"['Domain_registeration_length', 'Statistical_report', 'RightClick', 'Iframe', 'Abnormal_URL']",0.6689287445467765
458,"['popUpWidnow', 'Statistical_report', 'Submitting_to_email', 'Shortining_Service', 'RightClick']",0.6688605512134924
103,"['port', 'DNSRecord', 'double_slash_redirecting', 'RightClick', 'Domain_registeration_length']",0.6685851318944844
371,"['popUpWidnow', 'having_At_Symbol', 'SFH', 'Iframe', 'Statistical_report']",0.6681034482758621
249,"['Statistical_report', 'Favicon', 'Links_in_tags', 'having_At_Symbol', 'Iframe']",0.6675246675246675
389,"['Redirect', 'Submitting_to_email', 'having_Sub_Domain', 'double_slash_redirecting', 'popUpWidnow']",0.6669898206495395
111,"['popUpWidnow', 'having_At_Symbol', 'HTTPS_token', 'DNSRecord', 'Abnormal_URL']",0.6666666666666666
95,"['having_IP_Address', 'popUpWidnow', 'Page_Rank', 'Abnormal_URL', 'Favicon']",0.6658163265306123
473,"['HTTPS_token', 'popUpWidnow', 'Redirect', 'Links_in_tags', 'DNSRecord']",0.6656298600311042
42,"['RightClick', 'Favicon', 'Page_Rank', 'Submitting_to_email', 'on_mouseover']",0.6655670103092783
90,"['Redirect', 'having_At_Symbol', 'Shortining_Service', 'Abnormal_URL', 'having_Sub_Domain']",0.665158371040724
444,"['port', 'Iframe', 'Shortining_Service', 'Submitting_to_email', 'RightClick']",0.6645030425963488
133,"['Shortining_Service', 'popUpWidnow', 'Statistical_report', 'port', 'on_mouseover']",0.6644351464435146
485,"['port', 'Statistical_report', 'having_At_Symbol', 'Page_Rank', 'Iframe']",0.6643628509719223
14,"['Abnormal_URL', 'Favicon', 'Page_Rank', 'RightClick', 'on_mouseover']",0.6642453591606134
296,"['Request_URL', 'RightClick', 'Shortining_Service', 'Google_Index', 'port']",0.6639047125841533
10,"['having_Sub_Domain', 'DNSRecord', 'port', 'having_At_Symbol', 'Shortining_Service']",0.6629722921914357
400,"['having_IP_Address', 'Shortining_Service', 'age_of_domain', 'Submitting_to_email', 'having_Sub_Domain']",0.6627408993576017
151,"['RightClick', 'Iframe', 'having_IP_Address', 'Links_pointing_to_page', 'DNSRecord']",0.6621994481671265
228,"['having_At_Symbol', 'Google_Index', 'having_IP_Address', 'Redirect', 'Favicon']",0.6618898343036274
451,"['age_of_domain', 'Google_Index', 'popUpWidnow', 'Statistical_report', 'on_mouseover']",0.6612244897959184
476,"['double_slash_redirecting', 'Google_Index', 'Domain_registeration_length', 'URL_Length', 'RightClick']",0.6610505450941526
279,"['age_of_domain', 'Links_pointing_to_page', 'double_slash_redirecting', 'Google_Index', 'Shortining_Service']",0.660672030288689
15,"['Links_pointing_to_page', 'Google_Index', 'HTTPS_token', 'Redirect', 'having_Sub_Domain']",0.6594911937377691
28,"['having_Sub_Domain', 'RightClick', 'SFH', 'Request_URL', 'Links_pointing_to_page']",0.6588628762541806
373,"['double_slash_redirecting', 'Shortining_Service', 'Domain_registeration_length', 'on_mouseover', 'RightClick']",0.6567735758736237
99,"['Iframe', 'port', 'having_Sub_Domain', 'popUpWidnow', 'RightClick']",0.6546489563567363
282,"['Page_Rank', 'having_IP_Address', 'Favicon', 'age_of_domain', 'Redirect']",0.6545300592718035
136,"['port', 'Request_URL', 'Iframe', 'Favicon', 'Abnormal_URL']",0.6535154274152757
192,"['Favicon', 'Redirect', 'popUpWidnow', 'Statistical_report', 'Request_URL']",0.652931854199683
20,"['popUpWidnow', 'Domain_registeration_length', 'Iframe', 'Statistical_report', 'RightClick']",0.6525037936267072
457,"['double_slash_redirecting', 'popUpWidnow', 'Iframe', 'Page_Rank', 'age_of_domain']",0.6523917995444192
464,"['age_of_domain', 'Links_pointing_to_page', 'Submitting_to_email', 'URL_Length', 'popUpWidnow']",0.6520726595249184
366,"['DNSRecord', 'HTTPS_token', 'Submitting_to_email', 'Redirect', 'having_At_Symbol']",0.6513213981244672
65,"['RightClick', 'having_At_Symbol', 'URL_Length', 'Request_URL', 'age_of_domain']",0.6504559270516718
210,"['port', 'Domain_registeration_length', 'Links_pointing_to_page', 'on_mouseover', 'Iframe']",0.6503740648379053
38,"['DNSRecord', 'Domain_registeration_length', 'RightClick', 'port', 'having_At_Symbol']",0.6498740554156172
455,"['on_mouseover', 'Iframe', 'Shortining_Service', 'Favicon', 'Abnormal_URL']",0.6494345718901454
220,"['age_of_domain', 'having_Sub_Domain', 'port', 'having_At_Symbol', 'Abnormal_URL']",0.6485013623978202
426,"['Links_pointing_to_page', 'DNSRecord', 'HTTPS_token', 'age_of_domain', 'Page_Rank']",0.6484107579462103
374,"['Redirect', 'Abnormal_URL', 'Iframe', 'port', 'Request_URL']",0.6482617586912065
45,"['on_mouseover', 'port', 'SFH', 'having_IP_Address', 'having_At_Symbol']",0.6481394253414979
354,"['popUpWidnow', 'having_Sub_Domain', 'RightClick', 'on_mouseover', 'having_IP_Address']",0.6476190476190476
13,"['Abnormal_URL', 'having_At_Symbol', 'Statistical_report', 'Request_URL', 'Shortining_Service']",0.6459305339554173
37,"['popUpWidnow', 'age_of_domain', 'having_At_Symbol', 'Links_pointing_to_page', 'Abnormal_URL']",0.6454976303317536
170,"['Links_pointing_to_page', 'DNSRecord', 'Redirect', 'Request_URL', 'SFH']",0.641830761043108
162,"['Domain_registeration_length', 'DNSRecord', 'Submitting_to_email', 'SFH', 'RightClick']",0.6416837782340863
60,"['having_Sub_Domain', 'Abnormal_URL', 'double_slash_redirecting', 'age_of_domain', 'Statistical_report']",0.6411889596602972
144,"['Shortining_Service', 'Favicon', 'Submitting_to_email', 'popUpWidnow', 'RightClick']",0.6410363560384454
3,"['age_of_domain', 'Links_pointing_to_page', 'Abnormal_URL', 'Shortining_Service', 'Redirect']",0.6404715127701375
284,"['Links_in_tags', 'Abnormal_URL', 'SFH', 'HTTPS_token', 'port']",0.6395939086294417
177,"['on_mouseover', 'Abnormal_URL', 'having_IP_Address', 'Statistical_report', 'Request_URL']",0.6389035318924617
323,"['popUpWidnow', 'DNSRecord', 'age_of_domain', 'Page_Rank', 'double_slash_redirecting']",0.638085742771685
412,"['Favicon', 'port', 'having_At_Symbol', 'having_IP_Address', 'SFH']",0.6367969494756911
52,"['DNSRecord', 'age_of_domain', 'Iframe', 'having_Sub_Domain', 'Favicon']",0.6351197263397947
494,"['Links_in_tags', 'Shortining_Service', 'having_At_Symbol', 'Page_Rank', 'Links_pointing_to_page']",0.6339662447257384
434,"['Shortining_Service', 'SFH', 'Links_in_tags', 'RightClick', 'Favicon']",0.6325267304445695
191,"['Favicon', 'having_At_Symbol', 'Redirect', 'having_IP_Address', 'Statistical_report']",0.6313868613138686
251,"['Abnormal_URL', 'SFH', 'Links_in_tags', 'Shortining_Service', 'on_mouseover']",0.6310403638430927
85,"['Redirect', 'Submitting_to_email', 'port', 'Statistical_report', 'Domain_registeration_length']",0.6302652106084243
297,"['Google_Index', 'popUpWidnow', 'Abnormal_URL', 'Request_URL', 'port']",0.6236442516268981
365,"['having_At_Symbol', 'age_of_domain', 'Shortining_Service', 'SFH', 'Links_in_tags']",0.6232718894009217
48,"['Shortining_Service', 'age_of_domain', 'SFH', 'Page_Rank', 'DNSRecord']",0.6142159522517634
248,"['Favicon', 'on_mouseover', 'age_of_domain', 'Page_Rank', 'Redirect']",0.6097804391217565
218,"['age_of_domain', 'Abnormal_URL', 'port', 'HTTPS_token', 'Iframe']",0.60882800608828
326,"['age_of_domain', 'double_slash_redirecting', 'Shortining_Service', 'Statistical_report', 'Favicon']",0.6049638055842813
270,"['Links_in_tags', 'Links_pointing_to_page', 'Iframe', 'SFH', 'having_At_Symbol']",0.591044776119403
320,"['age_of_domain', 'SFH', 'Page_Rank', 'Links_pointing_to_page', 'Favicon']",0.5689149560117303
437,"['URL_Length', 'HTTPS_token', 'Page_Rank', 'Favicon', 'Shortining_Service']",0.5658482142857143
487,"['Favicon', 'Statistical_report', 'Page_Rank', 'SFH', 'Iframe']",0.5584415584415584
488,"['Page_Rank', 'double_slash_redirecting', 'DNSRecord', 'Iframe', 'SFH']",0.548951048951049
442,"['on_mouseover', 'SFH', 'Submitting_to_email', 'double_slash_redirecting', 'URL_Length']",0.5340838023764853
107,"['Page_Rank', 'HTTPS_token', 'Redirect', 'Abnormal_URL', 'double_slash_redirecting']",0.5319905213270142
339,"['SFH', 'having_IP_Address', 'on_mouseover', 'Links_pointing_to_page', 'Abnormal_URL']",0.5279898218829516
343,"['double_slash_redirecting', 'URL_Length', 'Favicon', 'SFH', 'having_At_Symbol']",0.5255930087390761
183,"['SFH', 'having_IP_Address', 'age_of_domain', 'Abnormal_URL', 'URL_Length']",0.525328330206379
49,"['Abnormal_URL', 'DNSRecord', 'double_slash_redirecting', 'popUpWidnow', 'SFH']",0.5178683385579937
495,"['SFH', 'on_mouseover', 'Abnormal_URL', 'having_IP_Address', 'RightClick']",0.5078328981723238
382,"['double_slash_redirecting', 'popUpWidnow', 'Statistical_report', 'SFH', 'Shortining_Service']",0.5063451776649747
298,"['RightClick', 'Iframe', 'Links_pointing_to_page', 'DNSRecord', 'SFH']",0.5003065603923973
275,"['double_slash_redirecting', 'SFH', 'Statistical_report', 'Iframe', 'Favicon']",0.5
421,"['Page_Rank', 'Iframe', 'Statistical_report', 'HTTPS_token', 'Shortining_Service']",0.49373433583959897
294,"['Google_Index', 'RightClick', 'double_slash_redirecting', 'Shortining_Service', 'SFH']",0.4884488448844885
283,"['Redirect', 'popUpWidnow', 'SFH', 'Google_Index', 'double_slash_redirecting']",0.47702702702702704
79,"['URL_Length', 'age_of_domain', 'port', 'Redirect', 'SFH']",0.47105788423153694
241,"['Iframe', 'on_mouseover', 'SFH', 'Favicon', 'URL_Length']",0.46760187040748163
409,"['SFH', 'Submitting_to_email', 'popUpWidnow', 'Favicon', 'URL_Length']",0.46604527296937415
267,"['Submitting_to_email', 'HTTPS_token', 'on_mouseover', 'DNSRecord', 'SFH']",0.4496877168632894
106,"['Links_pointing_to_page', 'Iframe', 'double_slash_redirecting', 'Abnormal_URL', 'URL_Length']",0.4477040816326531
468,"['Prefix_Suffix', 'age_of_domain', 'Links_in_tags', 'URL_Length', 'URL_of_Anchor']",0.3651452282157676
8,"['Google_Index', 'having_IP_Address', 'DNSRecord', 'web_traffic', 'Prefix_Suffix']",0.3651452282157676
466,"['on_mouseover', 'Request_URL', 'double_slash_redirecting', 'Prefix_Suffix', 'Page_Rank']",0.3651452282157676
189,"['DNSRecord', 'HTTPS_token', 'Prefix_Suffix', 'on_mouseover', 'age_of_domain']",0.3651452282157676
329,"['Submitting_to_email', 'Statistical_report', 'Domain_registeration_length', 'Page_Rank', 'Prefix_Suffix']",0.3651452282157676
93,"['Prefix_Suffix', 'Links_in_tags', 'Page_Rank', 'Abnormal_URL', 'Iframe']",0.3651452282157676
327,"['port', 'age_of_domain', 'URL_of_Anchor', 'Prefix_Suffix', 'having_Sub_Domain']",0.3651452282157676
81,"['Submitting_to_email', 'Shortining_Service', 'Google_Index', 'Prefix_Suffix', 'on_mouseover']",0.3651452282157676
74,"['URL_Length', 'Prefix_Suffix', 'Request_URL', 'having_IP_Address', 'Domain_registeration_length']",0.3651452282157676
72,"['DNSRecord', 'Google_Index', 'SSLfinal_State', 'Prefix_Suffix', 'URL_of_Anchor']",0.3651452282157676
256,"['URL_Length', 'DNSRecord', 'Prefix_Suffix', 'SFH', 'Submitting_to_email']",0.3651452282157676
68,"['Prefix_Suffix', 'Domain_registeration_length', 'Links_in_tags', 'SSLfinal_State', 'Google_Index']",0.3651452282157676
272,"['Iframe', 'Prefix_Suffix', 'Favicon', 'Abnormal_URL', 'having_IP_Address']",0.3651452282157676
303,"['Links_in_tags', 'Prefix_Suffix', 'Iframe', 'Favicon', 'Links_pointing_to_page']",0.3651452282157676
306,"['URL_of_Anchor', 'Redirect', 'popUpWidnow', 'web_traffic', 'Prefix_Suffix']",0.3651452282157676
257,"['RightClick', 'Links_in_tags', 'Statistical_report', 'Domain_registeration_length', 'Prefix_Suffix']",0.3651452282157676
312,"['Abnormal_URL', 'Prefix_Suffix', 'Shortining_Service', 'Links_in_tags', 'HTTPS_token']",0.3651452282157676
260,"['port', 'popUpWidnow', 'having_At_Symbol', 'Google_Index', 'Prefix_Suffix']",0.3651452282157676
80,"['Submitting_to_email', 'Statistical_report', 'Google_Index', 'Prefix_Suffix', 'URL_Length']",0.3651452282157676
307,"['Prefix_Suffix', 'Shortining_Service', 'on_mouseover', 'Google_Index', 'Request_URL']",0.3651452282157676
498,"['SSLfinal_State', 'Redirect', 'URL_of_Anchor', 'Prefix_Suffix', 'popUpWidnow']",0.3651452282157676
479,"['Shortining_Service', 'DNSRecord', 'Prefix_Suffix', 'Domain_registeration_length', 'Links_in_tags']",0.3651452282157676
475,"['Prefix_Suffix', 'Page_Rank', 'having_Sub_Domain', 'web_traffic', 'on_mouseover']",0.3651452282157676
240,"['Shortining_Service', 'Prefix_Suffix', 'having_IP_Address', 'URL_of_Anchor', 'Links_in_tags']",0.3651452282157676
50,"['Abnormal_URL', 'Prefix_Suffix', 'Domain_registeration_length', 'Submitting_to_email', 'Google_Index']",0.3651452282157676
229,"['SFH', 'Links_in_tags', 'port', 'Prefix_Suffix', 'URL_Length']",0.3651452282157676
239,"['popUpWidnow', 'Shortining_Service', 'Prefix_Suffix', 'SSLfinal_State', 'Abnormal_URL']",0.3651452282157676
224,"['having_Sub_Domain', 'Favicon', 'SSLfinal_State', 'HTTPS_token', 'Prefix_Suffix']",0.3651452282157676
208,"['port', 'having_IP_Address', 'SFH', 'Google_Index', 'Prefix_Suffix']",0.3651452282157676
396,"['Domain_registeration_length', 'having_IP_Address', 'Prefix_Suffix', 'Iframe', 'DNSRecord']",0.3651452282157676
247,"['double_slash_redirecting', 'Shortining_Service', 'URL_Length', 'Prefix_Suffix', 'web_traffic']",0.3651452282157676
363,"['Redirect', 'port', 'having_IP_Address', 'Prefix_Suffix', 'Domain_registeration_length']",0.3651452282157676
361,"['Prefix_Suffix', 'having_At_Symbol', 'popUpWidnow', 'Google_Index', 'having_IP_Address']",0.3651452282157676
104,"['Prefix_Suffix', 'age_of_domain', 'Links_in_tags', 'Abnormal_URL', 'Iframe']",0.3651452282157676
201,"['double_slash_redirecting', 'URL_of_Anchor', 'Prefix_Suffix', 'age_of_domain', 'Submitting_to_email']",0.3651452282157676
160,"['Prefix_Suffix', 'age_of_domain', 'Google_Index', 'SFH', 'Links_in_tags']",0.3651452282157676
190,"['Iframe', 'having_At_Symbol', 'DNSRecord', 'Page_Rank', 'Prefix_Suffix']",0.3651452282157676
179,"['URL_of_Anchor', 'double_slash_redirecting', 'Google_Index', 'Links_in_tags', 'Prefix_Suffix']",0.3651452282157676
43,"['having_Sub_Domain', 'double_slash_redirecting', 'HTTPS_token', 'DNSRecord', 'Prefix_Suffix']",0.3651452282157676
39,"['Favicon', 'URL_of_Anchor', 'Prefix_Suffix', 'Links_in_tags', 'having_IP_Address']",0.3651452282157676
34,"['double_slash_redirecting', 'RightClick', 'Prefix_Suffix', 'web_traffic', 'popUpWidnow']",0.3651452282157676
41,"['Prefix_Suffix', 'Submitting_to_email', 'Statistical_report', 'having_At_Symbol', 'Google_Index']",0.3651452282157676
398,"['Prefix_Suffix', 'Google_Index', 'double_slash_redirecting', 'Redirect', 'popUpWidnow']",0.3651452282157676
221,"['DNSRecord', 'Iframe', 'Prefix_Suffix', 'having_Sub_Domain', 'age_of_domain']",0.3651452282157676
126,"['Domain_registeration_length', 'Prefix_Suffix', 'Redirect', 'URL_Length', 'having_At_Symbol']",0.3651452282157676
115,"['Prefix_Suffix', 'age_of_domain', 'Statistical_report', 'port', 'web_traffic']",0.3651452282157676
117,"['age_of_domain', 'web_traffic', 'SSLfinal_State', 'Domain_registeration_length', 'Prefix_Suffix']",0.3651452282157676
401,"['Request_URL', 'URL_of_Anchor', 'Links_in_tags', 'port', 'Prefix_Suffix']",0.3651452282157676
420,"['port', 'Prefix_Suffix', 'web_traffic', 'on_mouseover', 'Links_in_tags']",0.3651452282157676
413,"['age_of_domain', 'URL_of_Anchor', 'Prefix_Suffix', 'double_slash_redirecting', 'Request_URL']",0.3651452282157676
114,"['web_traffic', 'Prefix_Suffix', 'Links_pointing_to_page', 'URL_of_Anchor', 'having_IP_Address']",0.3651452282157676
138,"['popUpWidnow', 'age_of_domain', 'Links_pointing_to_page', 'Prefix_Suffix', 'on_mouseover']",0.3651452282157676
153,"['SSLfinal_State', 'Prefix_Suffix', 'web_traffic', 'Iframe', 'Submitting_to_email']",0.3651452282157676
428,"['double_slash_redirecting', 'Domain_registeration_length', 'having_Sub_Domain', 'Prefix_Suffix', 'on_mouseover']",0.3651452282157676
429,"['double_slash_redirecting', 'DNSRecord', 'RightClick', 'Shortining_Service', 'Prefix_Suffix']",0.3651452282157676
424,"['age_of_domain', 'port', 'SSLfinal_State', 'DNSRecord', 'Prefix_Suffix']",0.3651452282157676
404,"['double_slash_redirecting', 'Prefix_Suffix', 'DNSRecord', 'on_mouseover', 'URL_Length']",0.3651452282157676
113,"['double_slash_redirecting', 'Statistical_report', 'SSLfinal_State', 'Google_Index', 'Prefix_Suffix']",0.3651452282157676
176,"['Prefix_Suffix', 'Page_Rank', 'Links_in_tags', 'Statistical_report', 'double_slash_redirecting']",0.3651452282157676
460,"['HTTPS_token', 'Favicon', 'Prefix_Suffix', 'having_Sub_Domain', 'port']",0.3651452282157676
445,"['Prefix_Suffix', 'URL_Length', 'SSLfinal_State', 'Iframe', 'Links_in_tags']",0.3651452282157676
446,"['Links_in_tags', 'Submitting_to_email', 'on_mouseover', 'Prefix_Suffix', 'HTTPS_token']",0.3651452282157676
143,"['web_traffic', 'Links_pointing_to_page', 'age_of_domain', 'Prefix_Suffix', 'popUpWidnow']",0.3651452282157676
21,"['Shortining_Service', 'on_mouseover', 'RightClick', 'Prefix_Suffix', 'Abnormal_URL']",0.3651452282157676
19,"['RightClick', 'Page_Rank', 'HTTPS_token', 'Prefix_Suffix', 'having_Sub_Domain']",0.3651452282157676
22,"['age_of_domain', 'SSLfinal_State', 'Prefix_Suffix', 'Links_in_tags', 'Request_URL']",0.3651452282157676
499,"['popUpWidnow', 'Shortining_Service', 'Submitting_to_email', 'HTTPS_token', 'Abnormal_URL']",0.3313343328335832
